{"filename":"benchmark/inputs/ml/mochi_test_web/r-file.ml","result":"Safe","cycles":7,"total":45.695518,"pre":0.015652,"abst":38.883982,"mc":1.5567170000000028,"refine":3.9146569999999983}